mv125,<procCSVFile.MV object at 0x7f3000820400>
mv119,<procCSVFile.MV object at 0x7f30006444f0>
mv120,<procCSVFile.MV object at 0x7f30006441f0>
mv127,<procCSVFile.MV object at 0x7f30005c4160>
mv129,<procCSVFile.MV object at 0x7f30005c43a0>
mv21,<procCSVFile.MV object at 0x7f3000578b80>
mv44,<procCSVFile.MV object at 0x7f30005212e0>
mv443,<procCSVFile.MV object at 0x7f30005216a0>
mv471,<procCSVFile.MV object at 0x7f30004b0fd0>
mv475,<procCSVFile.MV object at 0x7f30004c03d0>
mv69,<procCSVFile.MV object at 0x7f30004e6be0>
mv74,<procCSVFile.MV object at 0x7f3000473160>
